tweet_id,predicted_sentiment
569603875671396352,negative
569842929860263936,negative
568244413031448577,negative
569881449249316864,negative
569153098595192832,negative
568272688273174528,negative
569246786440830977,negative
569919787888988160,negative
569670407709544448,negative
568104985935753216,negative
570286841737318400,negative
568546953262436352,positive
570040903735373825,neutral
569907323650633728,negative
568827741832916994,negative
569724225466073088,negative
568883664219537408,negative
569577959440257025,neutral
567775776582672384,negative
569623164105433088,negative
568810874204327936,negative
569721972600528897,negative
570275140157640704,negative
568889252185903104,neutral
569646269221773312,negative
567752048402104320,negative
568101609894342656,negative
569277813280415744,negative
569666501504073728,negative
568085705479618560,negative
570275970046775297,negative
568274752864948224,neutral
569596097540132864,negative
568136521502605312,negative
569323727818657792,neutral
570012047917907969,negative
570086891342733312,negative
568490780203065347,negative
569934460617039872,negative
567786652991770629,positive
570264474784894976,negative
569691680661762049,negative
568202255205335041,negative
568166479327313920,neutral
568396209091702784,negative
569487075797565440,negative
568382154071089154,negative
570298362907508738,negative
569890152832749568,negative
569948910099308545,negative
569821309137514496,negative
570305264613765122,positive
569745528382038016,negative
569600989055086592,negative
569260462606569473,neutral
570267592478191617,neutral
568216411404808192,negative
567763529277923329,negative
570101910402940928,positive
570256300556165122,negative
569208219072991233,negative
568699390962958336,negative
569683567552262145,negative
569683397657767937,negative
569777311475765248,positive
569256055781240832,neutral
567884863031762945,positive
569271561481531392,negative
569592022635585536,negative
568431120032915457,negative
568823050571026432,negative
567718292530688000,negative
568533099908182016,negative
570040411206631424,neutral
569648584909434880,negative
568778115956092928,negative
570001601072652288,neutral
568893092927029249,negative
569500867159699456,negative
569821519116955650,neutral
568381535063306241,negative
569661901468270592,negative
569605452230754305,negative
569221213026971649,positive
569271994212069376,negative
569594402114392064,negative
567846359631564800,negative
568722339833126912,negative
568517565548339200,negative
569862827227402241,positive
568912730742255616,negative
569667923326971904,negative
568850852909342720,negative
569676871744364544,negative
568806618097455104,negative
568421732157161472,negative
568210186755813376,positive
569571829033144320,negative
570016198747758593,positive
570301395141836801,negative
569598991463268352,negative
568805605432958976,negative
567983341405745152,negative
569885859954229248,negative
568967907042037761,negative
567755768037130241,positive
568434729684307970,negative
570282555057909760,negative
569709973963468801,negative
568752061682208768,positive
570260735294607360,negative
568664266502479872,positive
570021301223604224,neutral
569930942833258496,negative
568807947423375360,negative
570270435478122497,positive
569920824905306113,negative
569591954830450688,negative
570276414567493633,negative
569588473050611712,positive
570289521113366531,negative
568650000227565568,positive
568884379600224258,positive
569459618881019905,neutral
569690693888663552,negative
570275314036649984,negative
568057671443750912,negative
569676217432977408,negative
570097604182351872,negative
568846061307084800,positive
567752826353225728,negative
569866490423349248,neutral
568612181480243200,positive
569250015752749057,positive
569516377524076544,negative
569649747213987841,negative
568990617394647040,negative
569974766393823233,negative
567750645462360064,negative
569633099174322177,neutral
570268646544510976,negative
568447513759522816,positive
570301395141836801,negative
569677827068579840,positive
567831549539966976,negative
569503745974902784,negative
569945451564277760,negative
568491460250742784,negative
568153752533733376,negative
569022319437357056,negative
569826992251473921,neutral
569894012800217088,negative
569531969110974464,positive
569536168301211649,negative
569350289729458177,negative
569954199821275136,negative
568211739059326976,positive
568894680881963008,positive
569275580543320064,negative
570002454839820288,negative
568725291247525888,negative
569662906842750976,positive
568860857326637056,neutral
569616634601717760,negative
570099970742886400,negative
569572707299299328,positive
570042155634450433,negative
569880215079428096,negative
568491765910659072,negative
569678058199732225,negative
569890309624082432,negative
568855933360607232,negative
569647618932002816,positive
567758009607421952,negative
568805571647942656,negative
568957001658724353,negative
569562990250323968,negative
570248035369820162,negative
570160277934747648,positive
568495924135235585,negative
570259700937134080,neutral
568526386249351168,neutral
569162600237236224,negative
569348995136376833,negative
570008443626647552,negative
569923221341908992,negative
569276518305820672,positive
569680835894497280,negative
569838593423708160,negative
568084167390564353,negative
567822648047321088,negative
569281170996891649,negative
568068216972423169,negative
567723534344933376,negative
570022345424834560,negative
568796018348724226,negative
570215343530102784,negative
568561877699182592,neutral
567819066708226048,neutral
567726594698264576,neutral
569519571314589696,negative
568893498193158144,neutral
569373375988150272,negative
569782352223666176,negative
569666470482804737,negative
570075716861206528,negative
570050402294636544,negative
567859338615865344,negative
569114772211437568,negative
569655420962238465,negative
568438000843034624,neutral
568958107205783554,negative
569066946433581056,negative
570307109218340865,positive
568562512284659713,negative
570123304498917377,negative
567842466851905536,negative
567917894144770049,negative
569649222963871744,negative
568834824410148864,positive
569646535215939585,positive
567876794788872192,negative
570296670568751106,negative
570079041547472896,negative
569894449620369408,negative
569261791928315905,negative
568232942612447232,positive
570197146894520320,neutral
567800771774001153,negative
568243175074242560,negative
569674883099205632,negative
569165556722503681,positive
569825634295230466,negative
570231786824994816,positive
569915610890547200,negative
569592626300751873,neutral
569656088817233921,negative
569258100324048900,negative
569946703522091008,negative
570237238631669763,negative
569251080598478848,neutral
569306871242366977,negative
569955551951622144,negative
569971526876962819,negative
569544122098446337,negative
569059097632337920,negative
568450237028798464,negative
568830614289252352,neutral
570235609933078529,negative
569971998572589057,negative
569600137296633856,positive
569322901691707392,negative
568849007641911296,negative
568793432900177920,negative
570075456302649344,negative
568124227641065472,neutral
569988849608364032,negative
569875734677712896,negative
569597885446270976,negative
569271020395241472,negative
567806467974365184,negative
569981015378112512,negative
568492682152189952,neutral
569984789798899712,positive
570091109675769856,negative
567897629364850689,positive
568176902801735680,negative
568797966489690112,negative
570296572375900160,positive
568138663864852481,negative
569170903948500992,negative
569826452633313280,positive
569566514132717568,negative
570264740817010689,negative
569259756344487938,positive
568566512308523008,negative
567806501402976257,neutral
568183699658944512,negative
568531043805999104,positive
567853644420423680,negative
568468372524023808,negative
569970117154484224,negative
567819606904295424,negative
567774100299739138,negative
569513703722393601,positive
569879100971753472,negative
569917442455175168,neutral
567740053967736832,positive
568274855814152192,negative
568602614839033856,negative
568819285990215680,neutral
569852250488573952,negative
568093190185566208,neutral
567832862130577408,negative
570299924555956227,negative
570010571707256832,positive
568179392293281792,neutral
568891505869344770,negative
569170372018499584,negative
569592778872606720,negative
569975032127967232,negative
567814095626575873,neutral
568901905910521856,negative
570275450200711168,neutral
568235890205532160,neutral
568053728944791552,negative
568052101504372737,positive
569253285015752704,neutral
570286882623369217,negative
569284887955558401,negative
567857135066963968,negative
569652313813430273,negative
568405950958333952,negative
568917936783491073,positive
569235954789015552,negative
568489782298476544,negative
569288052725694464,negative
569956446487642112,negative
569654393898864640,negative
568926999680569344,negative
568166390873653248,negative
569941617697644544,negative
570305365159632899,neutral
570306867135696897,negative
567769981128282113,negative
570271383005085696,negative
570276196405125120,negative
569664878434254848,negative
569875430951542784,negative
568166054624669696,negative
569948991569264640,neutral
569363221791928320,neutral
568385303267782656,neutral
569952664445808640,neutral
568808318560550912,positive
569711003585220608,neutral
569664636179476480,negative
568812046747201537,negative
569693838329180160,negative
570103012380667904,negative
568437450927955969,positive
570002269577441280,negative
570257258275164160,negative
569995212296200192,negative
570252052099678208,negative
569364610572259328,negative
569849550032101377,negative
568083224146149376,negative
569470053348823040,negative
570127035890184192,negative
568212893012860928,negative
569517360828145664,negative
569232738655412225,negative
569662471213948928,negative
568857956470517760,negative
568484335747268608,neutral
569574711899922433,neutral
570272015598411776,neutral
568444328873467905,negative
568434482270707712,positive
569855409567207424,negative
569620597543739392,negative
569641346316640256,negative
570242474750423040,negative
569628494214225922,negative
570139364178530304,negative
569645065792069632,negative
570079030029848579,negative
570271904508092416,positive
569587188687634433,negative
567927725815496704,negative
568560685568937985,neutral
568118442454355968,positive
569580197709783040,negative
569592675638382592,negative
569917824078090242,negative
568467880481665025,neutral
569535236884664320,negative
568800998929661953,positive
568432390957355008,positive
569311935835062272,neutral
569514688809181184,positive
568432782386466816,negative
570057416718491649,negative
569621351650209792,negative
569870445710671872,negative
569555411998613505,negative
569478901166055424,neutral
569738845895335936,negative
569547458520469505,negative
569853568200503296,negative
569684101197910016,negative
568103967185444866,positive
568390014238916608,neutral
569181132685574144,negative
568984515298922496,negative
569347549858934784,negative
569273230579478529,positive
568491160056045568,negative
570095131967295489,positive
569717037464838144,positive
569307978798645248,neutral
570083021099032576,negative
569654439646269440,negative
568109592338518016,negative
569655141890170880,positive
569470098534207489,positive
569212300265017345,negative
570272880556011520,positive
568414872578465792,negative
570060687164067840,negative
567892966980870144,negative
569526325255364609,neutral
569016588411789312,negative
569668853849919488,neutral
569923809634947072,neutral
569671053594591232,negative
570036463729020928,neutral
567775456678912000,negative
569670802867556352,negative
569859218058162176,negative
570043390773084160,negative
570061033253023744,negative
568777943104802817,negative
568637070207422464,negative
569144929093615616,neutral
570307434113310720,negative
568254094739148800,negative
568572344056180737,positive
569670402223562752,neutral
569259694906220544,negative
569216546779705344,negative
569342650068934657,negative
567719957686136832,neutral
568756110456270849,negative
569600990430806017,negative
570250470289068032,negative
568883464923000832,negative
568444650903748609,negative
568496811662581760,neutral
569177868221202432,positive
569679642447052800,negative
570289518194126849,positive
569632283046469634,negative
568140468854198272,negative
569268243854192640,negative
568553101587832832,positive
569898893262983169,negative
568799543698935808,negative
570284482588246016,neutral
569461469042966528,negative
570306423818723328,negative
568423588077936640,positive
568382790506389504,negative
570275248052039680,negative
569601913832022016,negative
569565468937232384,negative
567865703765798912,negative
570304633048047616,negative
570048528602374144,negative
568207908057567232,negative
568429191546277888,positive
569249493264289793,positive
567861727833894913,negative
568944962311626752,neutral
568080078875324416,negative
570226870119215104,positive
568440681531875328,negative
568531187481706496,positive
568832931382366209,negative
570059605662834688,negative
569889964445470721,negative
569855205187190784,negative
570295405818335236,neutral
569518608797323265,negative
570267592478191617,neutral
569608322925473792,negative
567807844687577089,positive
569671659394699265,negative
569576099018985472,negative
569699471954587648,negative
568148009722073089,negative
568194475077570560,negative
569178210325430272,negative
568401790250700800,negative
567739785981493248,positive
568847512372514816,neutral
567765893355417601,negative
568918820632403969,negative
568094548141977600,positive
570276681551732736,negative
568148282762874881,negative
569268751008436224,negative
568959170730266624,negative
569150371706200064,negative
569922420624068608,positive
568491668858662914,negative
569627200133197824,neutral
569543791176257537,negative
569700785824669696,positive
570295981985681409,negative
567925054853496832,negative
570013108070014976,neutral
569956624036540416,negative
569747533641199617,negative
569567144318365696,negative
570247474465677312,negative
568815766474244096,positive
569599532268449792,negative
570173181727674368,negative
569357497871437824,negative
569630885450002432,negative
570253196213383168,negative
569984229393637377,neutral
570225098189348864,negative
568201002731622400,negative
568425317028610049,positive
569197579956842496,negative
570032636657311744,neutral
568134503987851264,negative
568509134276050945,negative
569249704543965184,positive
569566323912671232,negative
569899646509666304,negative
569516969969389568,negative
569475245708419072,positive
567810209088847873,negative
568148251569999873,negative
570098324172206080,positive
570250780252504064,negative
568139150710296577,neutral
569492838448300032,negative
569696521425281024,negative
568173388663013377,negative
570015794387685376,negative
569875783096741888,neutral
570022372901847042,neutral
569040346262282241,neutral
568832394196684800,negative
569857475098202113,negative
569617494908002304,negative
569528694613671936,negative
567853052943663104,negative
570298918971576320,negative
568059129601724416,positive
569804373859020801,negative
567745016702181376,negative
568787831436345344,negative
568036095088160768,neutral
569802676914909184,negative
569621238152368128,negative
567835857929035776,neutral
568052343922507776,positive
569698949474291713,negative
570217831557677057,negative
570283544125288448,negative
570021223482191873,negative
569758821310017536,negative
568183137467043840,positive
569823600837947392,negative
569917431059099648,negative
568629820306952192,negative
569148485519462400,negative
570293557724110850,neutral
568957558444175360,negative
570303683872886784,neutral
569189285334618112,positive
570241403822813184,negative
570024300905783296,negative
568159483786084352,negative
568438759466934272,neutral
569419928173989889,negative
570188405541175297,positive
568180869120135169,negative
568264293478744064,positive
569865022031015937,negative
568226026209341441,positive
567864832235405313,negative
570028125024706561,negative
569275430311751682,negative
569683366632493056,positive
569541478244089857,negative
567736505477918722,negative
567933117610074113,negative
567872136745852928,negative
569664828911919104,negative
569622053214507008,negative
569352847898386432,negative
569877622869663744,positive
569644070470963201,negative
569745728693784576,negative
568910988361244672,positive
569633545737490433,negative
568975398236659712,negative
567791323597524992,neutral
568433431471886336,negative
569640446999203842,negative
568237879337422848,positive
568174911841177600,negative
568259593773518848,negative
570284054605639683,negative
568161023091478530,positive
568361346464497664,negative
569507522412986368,negative
569922915472244736,negative
568487509958774784,neutral
569591136534319105,negative
569697236982104065,neutral
568910590921609216,negative
569605359406485504,negative
569542242983124992,positive
568248180057325568,neutral
570278869133107201,negative
569587140490866689,negative
569372333267394560,negative
569204038811717632,negative
568216414957408256,negative
570297479029252097,negative
568780228648144896,negative
567811268900556802,negative
570293494444634114,neutral
569870128915083264,negative
569282312203997185,positive
569416670340636672,negative
568644929595056128,negative
567859008230563840,negative
568532825281937408,positive
568212796422406144,positive
569893140066213888,negative
568639359127150592,negative
570267956648792064,positive
569862755420905473,negative
570252431113760768,negative
568884211739971584,positive
568747605653643264,negative
569641259826061312,negative
568836750598123521,positive
567895664769785856,negative
570057520162721792,negative
569946372901707776,negative
567822065471860736,negative
569645505950695424,negative
570108724636831745,negative
567815252881977344,positive
569947514633191424,neutral
567768330624372736,neutral
568084748020649984,neutral
569604198033170432,negative
568548205421563906,positive
567818690096541696,negative
569635479383085056,negative
569650182331084801,negative
570049623697461248,negative
570304178314190848,negative
568517386795507712,positive
568762437832478720,positive
570139793608175616,negative
568203369053077505,negative
570057178687475712,negative
569961203197325312,negative
567761297879646208,positive
569910789651496960,negative
569967305859293184,negative
569758473535164416,negative
567822377473728513,negative
569641607584206850,neutral
567827860280324096,negative
570307949614256128,negative
569694591290646529,neutral
570252146320351232,negative
567766755797389312,negative
570246695595999232,positive
569690711026573312,negative
570003289326157824,negative
569236960528756737,neutral
570298679250305024,negative
569229785500680192,negative
569246373020717057,negative
569869514944466945,negative
569271529386745856,negative
568014567089029120,negative
568629385105793024,neutral
570060873328414721,negative
568170198433460224,negative
569301745219850241,negative
569991566087073792,negative
570265609122029568,neutral
569879623317659648,negative
569346431833673732,neutral
568450642085171200,negative
568412747324485632,negative
569616934225846273,negative
570053952856854528,negative
570265563035004928,negative
568775278505414656,negative
569350924633812992,negative
569929075894194176,neutral
569964389660540928,negative
570048890466111488,negative
569605935280336896,negative
569724281334034432,negative
569301606891712512,negative
570224719011704832,negative
568558819959119872,neutral
569660666014859264,negative
569261063406882816,negative
568454986574602240,negative
570020275150049281,negative
569180541662027779,positive
568542661684015105,positive
570275384714862592,neutral
568188415524642816,negative
569682097125896192,negative
568102228587884545,negative
570102708734197760,negative
569718205524127745,positive
569718410944188417,negative
570282555057909760,negative
569743891714347009,negative
569305113589714944,negative
568669880922165248,positive
568042869505654784,neutral
570295981985681409,negative
568238725626355712,negative
569678813602418688,negative
570253932880007168,negative
567717552290136065,negative
569985838689456128,negative
568123268231602176,negative
569164042679377921,neutral
568255550070362113,negative
569746288499138560,negative
569934782643224576,negative
570084632999428096,negative
568124733851443200,positive
569278644943757312,positive
569734641193586688,negative
570309000279023616,negative
568452676452806656,neutral
569720247948861440,negative
569646854402486272,negative
570237966355968001,negative
569971233351213056,negative
567758478371196928,negative
570047938401071105,negative
569560386548006912,neutral
568275123037286400,neutral
569786720562110464,negative
568178422175948801,negative
570288167242375168,negative
569716065741045760,negative
567773933928476672,negative
569688256247427072,negative
568436061959028736,neutral
568412555045179393,negative
568072958821990400,positive
570023602793238528,negative
568502289402630144,positive
567908702088376320,negative
567778921812389888,negative
568851512509800448,negative
569763959240200193,negative
570021943899877377,negative
567760115579621376,negative
570001825358860289,negative
568171015131394048,negative
569854492126146560,negative
568116768868159488,negative
567875729045590017,negative
568800246433775617,positive
569619984802054144,negative
567812544099827712,negative
570271383005085696,negative
568149287948967936,neutral
569880482109739009,negative
569944956132990976,positive
569900699988860928,positive
569689184958595072,positive
568432405482229760,positive
569606089316167680,positive
568395094232932352,negative
568358096290111489,positive
568392783922372608,negative
569956170393194496,negative
570272235639828480,negative
569248898071580672,negative
570276434763128833,negative
568795139512127488,positive
569626388610859008,negative
569625173176901632,negative
568474189818146816,negative
569245707477131264,negative
569672091550658560,negative
569831129773027329,negative
569194348375613441,positive
568668364144398336,negative
567679487383699456,negative
567748162178125825,negative
570268558451720193,negative
568529886920335360,negative
569007852607680512,negative
568611700674584576,neutral
569316673942990848,negative
567790510502371328,negative
567897643873148928,negative
570101746590093312,negative
569594386066984960,negative
569626796385116160,negative
570024409630515202,neutral
567862181208805376,negative
569506361266085888,negative
569156321636847617,negative
570274417546113025,negative
568800184345468929,negative
569811225770479616,negative
567754056924672000,positive
569338724787593216,negative
568511755040657409,negative
568202855166967808,positive
567733609130233856,negative
569936900804505600,neutral
569858231759085571,negative
569631027385245696,negative
569641693726842880,neutral
569910765173362688,positive
569372422509453313,negative
569558235897688064,positive
569727036627034112,neutral
570273819287531520,positive
569989745503297536,negative
570285904809598977,positive
569437674257276930,negative
568773575705899008,negative
569177940027674624,positive
570291642550386689,negative
569969833254764544,negative
569600757516914688,positive
570305051819941889,neutral
569928501966450689,neutral
568892505829347329,negative
567812799767003136,negative
568076483664568320,negative
567850537716092928,positive
570306423818723328,negative
569977521690669056,negative
568775800599801856,negative
568418165853540352,negative
568439319779790848,negative
568912678917271552,negative
570295576446808065,negative
570272997052805120,negative
568951064688373760,positive
568804253151731712,negative
568095014435229696,negative
569741221783957504,negative
568958227888500736,negative
570099562548834304,neutral
569940462678749186,negative
569374127187820545,negative
568220464071356416,neutral
567730323988172800,neutral
570218269111664640,neutral
567749045524131841,negative
570005000643956736,negative
568483591623208961,neutral
568086568059027456,negative
569942616617447424,negative
570114536448995328,negative
568426579874996224,negative
567729696662511616,positive
568116895305617409,negative
569934395865493504,negative
569670589646032896,negative
568394474243665920,negative
568150150289461249,negative
570304633048047616,negative
569931387073105920,negative
567808014725464064,negative
569815422675124225,negative
567852550512181248,negative
567723431513575424,negative
569982742198251520,negative
569956201934385152,negative
569613601918492672,neutral
569936251551232000,negative
570077991436484609,negative
569598314825555968,negative
569017218316369921,negative
570202173172281344,negative
569987227075239936,negative
567820135265759232,negative
570004247586013184,negative
569892199690678272,negative
569836232999612417,positive
569261495449595905,negative
568176078595985408,negative
568177882620661760,negative
569108474233270273,negative
570232122826493953,negative
568786206932250624,positive
569847852605812737,negative
570252528245456897,neutral
568882014415249408,negative
569966563245367297,negative
568128387576762370,negative
568308149796474880,negative
569574646229684224,negative
569482278646124544,negative
568806899275018241,negative
568962000614658048,neutral
568627619991650305,negative
567783978955993088,negative
569895344458170368,negative
568186047659507712,negative
569682818306953216,negative
570192886689628160,positive
570158980611350528,neutral
569606005618638848,negative
569434598825992192,negative
568883264791785472,negative
570286841737318400,negative
569685186495057920,negative
570258226819637248,negative
569757773937770496,neutral
569126841354743809,neutral
568589740833939456,positive
570080397628825600,negative
568077686507229184,neutral
568997394345533440,positive
569863349737021440,positive
569844262461972480,negative
567858317831249920,negative
570106114202861568,negative
570042963021205504,negative
569634833917452288,negative
570271896887017472,negative
569646144805953536,negative
570018836239364096,negative
570058295689523200,negative
568483338257895424,negative
568894073345437697,negative
568916345506566145,negative
569353501123280896,negative
569125697530101760,positive
569529242893090816,negative
570252614320783361,negative
570016517829623808,negative
569685692038557696,negative
567804350040416256,negative
568556148368019456,positive
567729203894702082,negative
568846033997803520,negative
568541894076026881,neutral
568130484934459392,negative
569615659333627904,negative
569980631548973057,negative
569952639116447745,negative
569980269379358720,negative
569460591644925952,negative
570250236402094080,neutral
569369239183872000,negative
568192024026996736,positive
567726949049454592,negative
570009035455344640,negative
568966873880137728,negative
570094701371469825,negative
569325844931448832,negative
569164064636727298,negative
570268646544510976,negative
568216286561374208,negative
567821133245067264,negative
569705563287896064,positive
570101670882840576,negative
570088573598355456,positive
570036932270358528,negative
568769216662282240,negative
570001282603229186,negative
570304873620746240,neutral
570064443159089153,negative
568542364207325185,positive
569891469210755074,neutral
568644931792687104,negative
570296537433186305,negative
569650401085157376,negative
568836642825375744,negative
570263827033432064,negative
569747706047934464,positive
569349274049368064,negative
568861309384728577,negative
569630148468670464,negative
568079278505463808,negative
568748360599019520,negative
570281958556610560,negative
569941616649244673,negative
569132950006185985,negative
569367682811715585,negative
570017867342725121,negative
569327646917537793,negative
567858957546561536,negative
569978537953902592,positive
568859726315827200,positive
567896042093617153,neutral
568506885130682369,negative
568031932719566849,positive
569571448412438528,negative
567867483622748160,negative
569741306190172161,negative
569135148660342784,negative
569364328857640961,negative
569387614265954304,negative
569330683623186433,negative
569998992475627521,negative
570000250225754114,neutral
569920593597894657,negative
569694350831161344,negative
570108801711341568,negative
569649975342333952,negative
569994134997610496,negative
569300522705883136,positive
568791745925918721,negative
568187725834289152,neutral
569659878693695488,positive
569612035585155073,negative
568496915211538436,negative
568902192364548097,negative
568949250152734720,negative
568808340387536896,negative
568078627687890946,negative
569942482668167168,negative
569884951207813122,negative
569948646717812736,positive
567787583138230272,neutral
568961738596462593,negative
569222424236916736,neutral
568752276040495104,neutral
569525480178769920,negative
568215031608815617,positive
569664007864492032,negative
570307369328095232,negative
568409651466899457,neutral
568824366928039936,negative
569920406737432577,positive
569228412159721473,negative
569882324713783296,negative
569625782181617664,negative
569890311608111105,negative
569933901944066048,negative
569666455114903552,neutral
569855814716039168,negative
569950555344228352,negative
569669872050765824,neutral
567794573495250944,negative
569595643087486976,neutral
569669603443519490,negative
569935522497478656,negative
569366846547369984,negative
570265780186710017,neutral
568365652597014528,neutral
569223653952323584,negative
569651021175267332,negative
569911344658386944,negative
570243296741752832,negative
569598852912668672,negative
570298117544906754,negative
569364374755930112,negative
568206092599218176,negative
570288809532891137,negative
569698217614544897,negative
569235156717989888,negative
568995447768899584,positive
568536558279593985,negative
569976030603059200,positive
569259272556535808,negative
568441679503495169,negative
570299953286942721,positive
567927596572360704,negative
568115829616861184,negative
567800930683609088,positive
568792664931508225,neutral
567946319349706753,negative
569676933778292736,neutral
570224015656284160,negative
568096711450566657,negative
569926031542345728,negative
568451040397422593,negative
568803260569690112,negative
569283845985427457,negative
569323082701275138,negative
569999091028983808,negative
569882596798132225,neutral
570279036582109184,positive
570262528539779073,neutral
568243964983308289,negative
568145883679875072,negative
568413198518329344,positive
570038580967383042,negative
568155289146363904,negative
567741692854276096,positive
569494958006263809,neutral
569605602961281024,negative
569117839308800001,negative
569929973156327424,negative
569267323330129920,negative
569981679806365697,positive
570086399627685888,negative
568929851379478529,negative
569603156927246336,negative
568865011717705730,neutral
569673473607344128,negative
569596502558920707,negative
569639854277066752,negative
568630879246901248,negative
568017128286261248,negative
569732616376725504,negative
570030165788459010,negative
568558478039625728,negative
569769624780165120,negative
569211553930743809,negative
569244202225307648,neutral
570047059878936576,neutral
568127477555441664,negative
567786475262345216,negative
569559833415970816,negative
569966060926947329,neutral
568998681715695618,negative
570279036582109184,positive
568569646389067776,negative
569720084484083712,positive
568408074161160192,negative
570076113453518848,negative
567783456420012032,negative
569638751598563328,negative
568973617687625728,positive
568166268546748416,negative
569792291264712704,neutral
570307390752608257,negative
567980868997763072,negative
568735841771597825,neutral
569621976131772416,negative
567772568833503233,negative
569335779371003904,negative
569337916872220673,negative
569706336268611584,negative
569731970562961408,negative
569674597479677952,negative
569528409723969537,negative
569139586124910593,negative
569682228269068288,negative
569979566279626752,negative
568240100934426624,negative
570307390752608257,negative
567747764906635265,negative
568352692466278400,negative
568558728263254017,negative
569865823415902208,neutral
570083998380232704,negative
569940075120873472,negative
569336246474022912,neutral
570293669628157952,neutral
568437385844924416,neutral
570273710210469888,positive
567781694183186432,positive
567852264099999744,negative
569620355783925760,negative
569893723091238912,negative
567828425278283777,negative
570197804091621376,neutral
567686758708817921,negative
569594026732740609,negative
569340200934969344,positive
569615540089700353,neutral
568180928746369027,negative
567722330340986880,negative
570232494034964481,negative
569357127040540673,negative
568437028205035520,positive
568258075431477248,negative
569120847115501568,negative
568216861550239744,negative
568148294087479296,negative
569568079761403904,negative
570298644475346945,negative
569607124772196352,neutral
568181761114546176,negative
569821862873726976,negative
570248954572619776,negative
569520477351383040,negative
568971449815289856,negative
569217342380445696,negative
569850083140882432,negative
569818697113702400,negative
569843745157451776,negative
569992362728005632,positive
570298371140939776,negative
570281470507352064,negative
568607755042484224,negative
568042973688139777,neutral
567903480993558528,negative
569351220097216512,negative
569009316490911745,negative
569588667225927680,negative
567849520781893632,negative
568187959276646401,negative
568953190252544000,positive
568574614110117888,negative
569986782567071744,negative
569360352594546688,negative
568850770331721728,neutral
567997512310767616,negative
569719540520628224,negative
568620917531623424,negative
569880207911460864,negative
568176925845237760,negative
568116088631791616,negative
570280553422950401,negative
569946742277451776,negative
568167917004718080,negative
567813189334790144,negative
569399153253429248,negative
568823817679847425,negative
569503512968572928,neutral
569228870177591298,negative
567872614296862720,neutral
569487167191425024,negative
569864608145502209,negative
569302599591022592,negative
568656507480481792,negative
570078894008594432,negative
569601264679559168,negative
568472775729516544,neutral
568275380441726977,negative
568176390325075968,negative
569711837656125440,negative
570235698608869376,negative
570276018751016960,negative
568526349565972480,negative
568841522646552576,neutral
568824987244584961,negative
569722436935151616,negative
567737625637687296,neutral
568602309703249921,negative
569275249725870080,positive
568746335446441984,negative
569607647051317249,negative
568812675175591936,negative
569751096580812801,negative
569143215405674497,negative
567842439911858176,negative
569697662494121984,positive
567881730490646528,negative
569666513352806400,neutral
569727628766281728,negative
568229659810209792,negative
569379726562869248,negative
569192549170032640,negative
568535163690287104,negative
568172386903851008,neutral
568044626654806016,negative
568521303956656128,negative
569115097198690305,negative
568174745293709313,negative
567855788699607040,positive
568509669758660608,neutral
568502279193681921,negative
570287238145290240,neutral
568542896539873281,negative
569656504946536449,neutral
570278644918194176,negative
569775081636782081,positive
568915699290284032,negative
567746540903493632,negative
570275248052039680,negative
570059574268469248,negative
568636474637357056,negative
569276042491211777,negative
570272778840104960,negative
570188838775103488,negative
569587663692554242,negative
569935261947330560,positive
569961070519050240,negative
567947508208377858,negative
568803679018491904,negative
569523635171405824,negative
568491094327078912,neutral
569200983173156864,negative
570102725842575360,neutral
567845089508233217,neutral
569604655166009345,negative
570179236633432065,negative
569613272049012736,negative
570262424038699008,negative
569832860795985920,positive
569366479008862208,negative
569875532600385536,negative
568483386580439040,neutral
569474700386045955,neutral
567831351195484160,negative
569667082499035137,negative
567886632155680770,neutral
568161284249796608,negative
569216055018704896,negative
568821268239089664,neutral
569557756597776384,negative
569677591055106048,negative
568522744356212738,negative
569667918557900800,negative
567806905617281024,neutral
570275010759102466,negative
567767810655670272,negative
569084344930676736,negative
567920067364540416,neutral
569222694778105857,positive
569571763744452608,negative
570239952975482881,negative
569604033083789312,negative
569352559598682112,negative
568639824145584128,negative
568847616404004864,neutral
569657202325229568,negative
567730390291714048,negative
567617486703853568,negative
569938939122991104,neutral
570265542025719808,negative
569997196298293249,negative
569665019899572226,negative
570181077861474304,neutral
567831434838159360,positive
569760267485122560,negative
568549003626811392,neutral
569938470824574976,neutral
568532050979893249,positive
569851952282112000,negative
568386996525252609,negative
567816155369570304,negative
569365709500710912,negative
569278418606559233,negative
568538242380742656,negative
569771711408644096,positive
568468715819266048,positive
569140362025050112,negative
569492106923806720,negative
569978315072610304,negative
569995536545091584,negative
569258900228190208,negative
569899859995693056,negative
569865675793170432,negative
569935818783125504,negative
568515553666539520,positive
569970938525016065,negative
569342909205647360,negative
569691155606183937,negative
570286035118071808,negative
568761693997674496,negative
568884491294351360,negative
568236511524745216,negative
569625419097313282,positive
568441576206286848,neutral
570068435805310976,negative
569620382023622657,negative
569748667793588224,negative
569368532242145280,negative
568499629043687426,neutral
568238379847921665,positive
569571731649667072,negative
570101550787350528,positive
568883108377808896,negative
569145957721505792,negative
569196231546830848,neutral
568545534056787968,positive
568904934495629312,negative
568770125114929152,neutral
568234162638999552,positive
568926716644745216,positive
569678568692719616,negative
568399913358221312,negative
568613245839224832,neutral
567754559762612225,negative
569868478435487744,negative
569710853160710144,negative
569685261518376960,positive
569684686160719872,neutral
568494596973600769,negative
567827091409092608,negative
569576214047760385,negative
570286841737318400,negative
569631860885577729,negative
568578381320597504,negative
568045665185452032,negative
568964635103076354,neutral
569596156927303681,negative
569265728408440833,negative
569386581938860032,negative
569253430100946944,negative
569161748286083073,negative
568179591480811521,negative
568897757991186432,negative
569176746735632384,positive
569729325546602497,negative
570063192581390336,negative
567802808876158976,negative
568798853656223745,negative
568480654347935745,negative
569687399426617344,negative
569698504467021824,negative
568147443151454208,negative
569268918566719488,negative
568473401544859648,positive
568908474601639936,negative
570263313306615810,neutral
568989506784722945,positive
570301031407624196,negative
569706754025660417,negative
569632828478136320,negative
569844044693577728,negative
568069363280035840,negative
569280553574277120,neutral
567729749087498240,negative
569883383930621952,positive
568962249177436160,negative
570044332843134976,neutral
568552775325364224,negative
569565598772043776,negative
567912190788771840,negative
567757203093090305,negative
569663687948181504,negative
567802900480585728,neutral
569336871853170688,negative
569017052310056960,positive
568780060720701440,neutral
569599116403036160,negative
569642078990258176,negative
569613265631780865,neutral
569983469930967040,neutral
568938647795314688,negative
570011304221667328,negative
570248162067107840,negative
570033259842801664,negative
570296616688750592,negative
568797401772892161,negative
569373743698591744,neutral
569967808446009345,negative
567840815331991552,negative
569606135960858624,negative
569188447157661696,negative
569241158196400130,negative
569600137296633856,positive
569623164143185920,negative
569914808339836928,negative
570287638084763648,negative
567713896627470336,negative
569138500626292736,negative
569494878968811520,negative
569155235156856833,negative
569370900568502272,negative
568987648691449857,positive
569484458744807425,negative
570008684413104128,neutral
570089091276128258,negative
568607013212590080,negative
569502909093646336,negative
569983375584272384,negative
570190438281248768,positive
568524724256444416,negative
569929944291127296,positive
567774320170119168,positive
567768224607911936,neutral
569874944282234880,negative
568364437599436800,neutral
568815117120319488,neutral
569436958281183233,negative
569525679823425536,negative
569281144186908672,negative
568781819233091584,negative
568027698452426752,negative
569015346624991232,positive
569229441739522048,negative
569821947049218048,negative
570208909522182146,negative
569605710314668035,negative
568239189055176704,negative
569720008630149120,negative
569938119060955136,negative
569418233322872833,negative
570252986372329472,negative
568594726317887488,negative
568822571875098624,negative
569900147343265792,neutral
569540659209596928,negative
568549214696935424,negative
569874933549027328,negative
569905298481274880,negative
569755876401274880,neutral
569097525690568704,neutral
569865011788693504,negative
569556500928188416,negative
569601628279480320,negative
568173309747048448,positive
569364648576872448,positive
569912963273879552,negative
568547839636332544,negative
568826070897717250,negative
569150828952444928,neutral
570296616688750592,negative
569976848786034688,negative
568104264733573122,negative
569617556857851904,negative
568871330495406080,positive
570021795123699712,negative
569922853266694145,negative
569890103989903360,neutral
570234996562112512,negative
569110766235877376,negative
569209016276004864,neutral
568757775205056512,negative
568531207459221506,positive
569201516881448960,negative
570175669096882176,negative
568650058780041216,negative
569294014026903552,neutral
569871433662271488,negative
570294002077061120,positive
569685581787205632,positive
568887240685785089,negative
569683334311366656,negative
569966422744395776,negative
569961866224652288,neutral
568497542100586497,negative
569654562031685632,negative
569903840507506688,positive
569900705852608513,positive
570220053142097920,negative
569153793058672641,negative
569176007225188352,negative
569938796986433537,negative
569605942318231553,negative
568209603332214784,positive
569254571622727682,negative
568932998051016704,positive
570254375081414656,negative
568775146703589376,negative
569305546819571712,neutral
570025482344898560,negative
569579474762608640,negative
569491295766343681,negative
568469155709624321,negative
569554300495462400,neutral
569840840861839360,positive
568212443433865217,negative
568425564282998785,negative
568999631956393984,negative
569279532261203968,neutral
568485707993497603,negative
569324295635247104,neutral
570072918094442496,negative
568093443823693824,neutral
568080349286301697,negative
569631567032627200,negative
569111291454840833,negative
570306423818723328,negative
568004004183203840,negative
569194996143755264,negative
569843749230133248,negative
569121160149012480,negative
569204255191490560,negative
568050718772314112,neutral
568541325735415808,negative
569897060717105152,negative
567818765888557056,negative
568204705861652480,negative
568433610765815808,negative
569689370988408832,negative
569451523878420480,negative
568805624164851712,positive
568735994838589441,negative
567813042576199680,negative
568668179158806529,negative
570252044528959488,negative
567910969856229377,neutral
570040750412406784,negative
568752951164063745,negative
569452063920226304,neutral
569368352868556800,positive
569230983075115010,positive
570009856851222529,negative
569615753885970432,negative
568530694353190912,neutral
569893516609847297,positive
568808746689933312,neutral
569930613962072064,negative
567797436652199936,negative
569330782537437184,positive
568662525530628096,negative
569925308368883713,negative
568927427847544833,negative
568442711910576128,negative
570223944260849664,negative
569599590355173376,negative
569510849846611968,positive
570023071698055168,negative
569316358845911040,neutral
567777187265515521,negative
569665202616020992,negative
569964332026634241,positive
567811142924656640,negative
568188203397574656,negative
569880599764140033,neutral
569817051482726400,negative
568845552114405376,negative
567875308377911297,neutral
569873968175259650,negative
568118177537744897,negative
569658553381883905,negative
570260383862108160,negative
569925511394119680,neutral
568501157452230656,positive
570052879643381760,positive
568105722413649920,negative
569922479734595586,negative
570115532906569729,negative
570289777184002048,negative
568162091175182336,negative
569721419849797632,negative
568136806224379904,positive
570284482588246016,neutral
570293100326862849,negative
569866272218836992,neutral
569940889591795712,negative
569224849144418304,negative
568106704866582528,neutral
568658885361438720,positive
568434307989159936,negative
568259485413715969,negative
569672095753502720,negative
568840560347373569,positive
568213843618299904,positive
569204914649489408,negative
567758248481415170,negative
568591705802469376,negative
569213183455563776,positive
570195492006707200,negative
568613837198340098,neutral
569302568020549632,negative
569158261301227520,negative
569684917145223170,negative
569615636869062659,negative
569703041957564416,negative
568613712858198016,negative
568806138973540352,negative
569930801577644034,negative
569507834930442241,negative
569871364603031553,negative
569817937131016192,negative
568231725970505728,neutral
570038498566283264,negative
569259449115942913,positive
569623343424413697,negative
568757166674460672,positive
569489752732274688,neutral
570275314036649984,negative
569002132621398016,negative
568531409209421826,negative
569665738165891073,negative
569920484856475649,negative
569825936788598786,negative
568177152924860416,negative
568476370130628608,negative
567950666578030594,neutral
567813046811525120,positive
568380957012525057,negative
569504232971362304,negative
569604453462110208,negative
569872058613673984,positive
568627477259485185,negative
569972935227674624,negative
569495653526724608,negative
569116333998256129,negative
569470776576880640,negative
569847066555498496,negative
569703596914282496,negative
568570905690898432,negative
570051991277342720,negative
570285070184898561,negative
570305264613765122,positive
567863121479536641,neutral
569212376421158912,negative
569652631938985984,negative
568911873438920705,neutral
569646886610702337,negative
570082420936052737,neutral
569751515461603328,negative
568483559532568576,negative
568258896038506496,positive
569469169927720960,negative
570310144459972608,negative
570009129579900928,negative
570061921145065473,negative
569296055478722560,positive
570044286991015936,negative
567858373527470080,positive
569965376186019840,negative
570282469121007616,negative
570011378091753472,positive
570054495943720960,negative
568231586585550848,negative
568152817656930305,negative
570068659193950208,positive
567758927111401474,positive
569659162281377794,negative
569971722155208706,negative
568138996112445440,negative
570298679250305024,negative
570005004012138496,negative
569939924964630528,neutral
567761113631449089,negative
569962494283919360,negative
568229032652709888,negative
568955060165554176,negative
568452051740413952,positive
569289098944507904,positive
569630106940895233,negative
570241070577139713,negative
568462177415372801,neutral
568905087608881152,negative
568055996884619264,neutral
569592390211801089,negative
567771077359570944,negative
569448465991737345,negative
569663725172436992,negative
568527764812374016,neutral
567878696356433920,negative
568908255310827520,positive
570268160202567680,negative
567732265888006145,negative
569685165565308928,negative
569911608278974465,negative
569608624814698496,negative
569683111404908544,negative
568553063935557632,negative
569646230264885249,neutral
569631508379664384,positive
569753797704024065,negative
569668606142783488,positive
570282469791911936,positive
570017905879986176,negative
569703802783145984,negative
569243185832169472,negative
570226471941251072,negative
570224417445261313,negative
569440689253158912,negative
569909232696483842,negative
570095043169529857,positive
570253865066602497,negative
569177080014901248,negative
569522354008805376,negative
569664514142183424,negative
568540843323338752,negative
568168034394873857,negative
567751025890709504,negative
568078285520785408,neutral
569616362223628289,negative
568591345801158656,negative
568024504057913344,negative
568846188725841920,negative
568536883199746048,neutral
568605955614642176,positive
568479942146707456,negative
569593050235736064,negative
569571492947742720,negative
568584434376577024,negative
567875974869680128,negative
567823510245236739,negative
570286290203070465,negative
569627374674964480,negative
569933360564342784,negative
569960085654364160,negative
568983296018751491,negative
567794198095872001,neutral
570281854139572225,negative
570221178658418689,positive
568779480019251201,negative
569242387878428672,negative
568193698284118016,negative
569622568459636736,negative
569741756968919040,positive
569310115377102850,negative
569683741779599361,negative
569967848078090240,negative
567738388980068352,negative
568992290833899520,negative
569293296872222720,negative
568221088750161920,negative
567767199700758530,negative
569532924036407297,negative
568673332184240129,negative
569507349548957696,negative
569648671870099456,negative
567875922906456064,neutral
568859157253611520,negative
568656758027063296,negative
569477692166316033,negative
568815514702770176,negative
570051265373171712,negative
569897005297709057,neutral
570291213007491076,neutral
567762099708112897,positive
567763697230438400,negative
569702566126325760,negative
570206113783795713,negative
569631973859139584,negative
569343738331275264,negative
570027321178099712,neutral
570303889754488832,negative
568604039430033408,neutral
567834881939546113,negative
568731988082999296,positive
569159333499576320,negative
569701607144693760,negative
569356513061556225,negative
569954475433201665,negative
568654556634021890,neutral
569535820270583809,negative
569678065422311424,negative
568085636592349184,negative
567811236231954433,positive
570280641503211520,negative
568423278555086848,positive
568944928266412032,neutral
569890741666717697,negative
570214488739225601,negative
568535405361913857,neutral
570088135851266048,neutral
568894575596580864,positive
569847223829307392,negative
569977517945126912,neutral
568716388866629632,negative
567822098950791168,negative
569894307508965377,neutral
569612143873490944,negative
569548316700254208,negative
570275944012783616,negative
569165709516759042,positive
569651366018166784,negative
569179631409958912,negative
568106054283882496,negative
568594708177555457,negative
569356553977012225,negative
568789500727570432,negative
569948928864600064,neutral
570042700835082240,negative
568076399166140416,negative
570011341483843584,neutral
570302375510056960,negative
569020829033492480,negative
567874970463780864,positive
569883543536574464,neutral
570063322449616896,negative
567827275619549184,negative
569469326547222528,negative
568384147464568834,negative
568152035767554048,negative
569646613183885312,negative
569932363641298944,negative
569759999083171840,negative
568237684277141504,negative
569896241196339201,negative
568100935769006080,negative
568112578989137920,negative
569886612538023936,negative
568489413262610433,neutral
570114451120074752,negative
569627480425766912,negative
568088472772157440,neutral
567765558393700352,negative
567919301732098048,neutral
569886516505407488,negative
570075711433609216,neutral
568815660815519744,negative
569953683309514754,negative
569234806543929344,negative
567782895306412032,negative
568231913040814080,negative
569931716049154051,negative
568490964173627393,negative
570177698166923267,negative
567771225104338944,negative
569608282442047488,negative
569909756493746176,negative
568940548301549568,negative
568622676773703681,negative
569781926162145281,negative
569012492598251520,negative
569628172842479616,negative
569699965527666688,negative
569036471232892929,negative
569951896808464384,positive
568079446592385025,negative
570267592478191617,neutral
568492016587436033,negative
567985715017072640,negative
569308130464698368,negative
568901823215448064,negative
569274492607967232,negative
570245433466884096,negative
568403649753448448,negative
569262225900359680,negative
569943774253621248,negative
568554107952177152,negative
567855470142197760,neutral
568635298759860226,negative
569940226984042496,negative
569873065464573952,positive
568575520406765568,negative
567844852135645186,negative
569650819894652928,negative
567871780188061696,negative
568177521327509504,negative
569296354607935488,neutral
568809620019527680,negative
568162505597566976,negative
570221471844278273,positive
569614085807067136,negative
568856905445199872,neutral
570000287080951808,negative
569526143730077696,negative
567802015527755776,neutral
570057930332102656,positive
570267902726803456,negative
570247850858147840,neutral
569771270839013376,negative
570042013908914176,negative
568204182676578304,negative
568127465224323072,neutral
568275746516385793,negative
569993670482644992,negative
569904824793362433,negative
568841635049533440,negative
569484935557484544,negative
567726138223771649,neutral
568964732981530624,negative
569310249859080192,negative
569980358206361601,negative
569933357515026432,negative
569136050951622656,negative
569718461217308673,negative
568417913914441728,negative
568784261064622080,neutral
569617259548708864,negative
568893685397483522,negative
569706809126055936,negative
569626841046224896,negative
568435750485819392,negative
569609590171676675,negative
568148652352544769,negative
569895406869483520,negative
569630712233627648,negative
569929945331449856,negative
568095440517754881,negative
569460417954746368,negative
568855468975759360,negative
569972447329574912,negative
569971216934526976,negative
569343563244425216,negative
570126668922294272,negative
569487121897033728,negative
569491079952642051,neutral
569342336158851074,negative
569232221397065728,negative
570036327825195008,negative
569017002439761920,neutral
569941647884029952,positive
570060846241611777,positive
569561389121060864,negative
569321739093614592,negative
567893704058474496,negative
570045153295011841,neutral
569502353797173248,negative
567926839630557184,negative
569683696422244352,negative
568248950450311169,negative
569571437389881344,negative
567748330734641152,neutral
568623875468226560,negative
569824790200111104,neutral
568075934609346560,negative
570000101654925312,neutral
567805339790475264,negative
568749392083206144,neutral
568525567575744512,negative
568828648687591424,negative
567730704055037953,negative
568382196081229824,negative
569079375296999424,negative
569531018643955712,negative
569294079835705346,negative
567883234614210560,negative
568964945259466752,positive
568840215089041409,negative
568795791445209088,negative
569619668060807169,neutral
569835751275433984,negative
568037876761546753,negative
568294699515187200,negative
567793696956231680,negative
569520929128251392,negative
570164654061838336,neutral
570295202616889345,neutral
569019132978405376,negative
568206350804770816,negative
568820729879367680,negative
568014723926626304,negative
570000158454353920,negative
570224968417603584,negative
568774932844261376,neutral
569863229356310528,negative
568435434964938752,negative
569693551589756928,negative
569900832616943616,negative
568828240502128640,negative
568206634758983681,negative
567847571223388160,negative
568564957740175360,negative
569770363623575552,negative
569301668904329216,negative
569692982955237377,negative
568784868257214464,positive
569122341797691392,negative
569345076406693888,negative
569706873525391360,negative
567768450471587840,negative
569615644448186369,positive
569604904689340416,negative
569341160482856960,negative
569348268154609664,negative
568165395279929344,negative
568490703476682752,neutral
570273880486629377,negative
570263448828780547,positive
568434509017960449,negative
569959737246109696,negative
570219942961922048,negative
569714127792254976,positive
570017357747380224,negative
569672010734968832,positive
569224824066842624,negative
570238782202470402,positive
569908722778157056,negative
569542052259766272,negative
569610871934205954,negative
569935609940316160,positive
570263130141564929,neutral
568447216156692480,negative
569983967467868161,negative
569580275182772225,negative
570164810144481280,positive
569888159707738113,neutral
568302985802956800,neutral
567875594785923072,negative
568087881387884544,positive
569890109803220993,negative
569454891644674049,negative
569169274109100032,negative
569132310110588928,negative
569714541178679296,negative
570014299625787392,negative
569190678758080512,negative
568513003307429888,negative
569746398519955456,negative
570059874480091136,negative
567966853068251136,negative
569761641211895808,neutral
568256282668302337,negative
569260280687005697,negative
568594180014014464,negative
567766633637502976,negative
569661937203572738,negative
567822780135124992,negative
568814284680994816,negative
569639780276953088,negative
569898346036404224,negative
569274801388425217,negative
569722907187752960,negative
569604665240895488,negative
569895100526039040,negative
568825797613645824,neutral
568189481590886400,negative
567745507834220546,negative
567901267063803904,negative
569557216480665600,negative
568187334111289344,positive
570298155465609217,negative
570084582780899328,negative
569368286128771072,neutral
569656858400694272,neutral
568090000199270400,negative
568210928484913152,neutral
569691533101780992,negative
568108522313015296,negative
569689324595376128,negative
568768864793681921,positive
569500607637262336,negative
569845865185206273,negative
569222729125253121,negative
568240532746473472,negative
568465174702772226,negative
568828574641328128,positive
570019785788022785,negative
568184857538498560,negative
569668144198848514,neutral
569661761449791488,positive
570097456786104320,negative
569687244031852544,negative
568484777336172546,negative
567802723127803905,negative
569267891721375745,negative
568829891220803584,negative
569907965223763970,negative
569873665640292353,negative
569616573905936384,negative
569619557360381952,negative
569586373042278400,negative
568451916319096832,negative
568561858875142144,negative
569979211722596353,negative
568951819969232896,negative
568468409471492096,positive
568454694756069376,neutral
568945122961784833,negative
569713111537717248,negative
569250842894733312,negative
568885971913023488,negative
568448265441554432,negative
569603833804038144,negative
567870895383015424,positive
569728440758181889,negative
569730716692393984,negative
568964534083268608,neutral
570045818205384704,negative
570301488192458752,negative
568773648724525056,negative
568356641877446656,negative
568230620595417088,negative
568380749495164929,neutral
567727581873848320,negative
569234639233142784,negative
569641785347059712,negative
568925181848227840,negative
569759558777892864,negative
570264179216510976,negative
568240364315783168,positive
569938450633388032,negative
569345693770502144,negative
568995277580996609,negative
569629305023569922,negative
567750519402143745,positive
569857128988602368,negative
569129049861304323,negative
569648492190179328,negative
569851605358669824,negative
570229557740969984,negative
570066450796257280,negative
569910410343804928,neutral
569712291857485824,negative
569362928710914049,neutral
568238793150611457,negative
568070338438963200,negative
569183387816038401,negative
570095443364831232,negative
567871911960645632,negative
569366383458275329,negative
568768874037915648,negative
567698031081160704,negative
570250053710819328,positive
569689076439392257,negative
570282469791911936,positive
569128289178152960,negative
567739553251725312,neutral
569971070394101763,negative
569657850856919041,negative
567829349727211521,positive
569912608901373952,negative
568795875612463104,negative
568754053083222016,negative
569698840149950464,negative
570091216013955073,negative
569627574336421888,neutral
569714918951391232,positive
569153249917452288,negative
569659364530728961,negative
569638470538301442,neutral
569309623825670145,negative
568841631585021952,negative
568543965026390016,neutral
569891937924358145,negative
569641686101585921,negative
569895618866315264,negative
568046603916996609,negative
568177321724620800,negative
568788947859607552,positive
567827488736419840,negative
568458813189197824,positive
568724832898162688,negative
567811407309185024,negative
569986129820196864,negative
570181464773562368,negative
568803231335387137,neutral
568500854082420737,negative
568804026789138433,positive
569470441573609473,negative
569329014826864640,negative
569116934379323392,negative
567719031634157568,negative
569672021078114304,neutral
568806985505726464,negative
570225191458111489,negative
568814251311288320,neutral
568397976110010368,negative
568098115988918273,negative
569594712337854464,positive
568192010789777408,positive
569229104286986240,neutral
569709901737406464,negative
570287271234174976,neutral
569880251767123968,positive
567787873778278400,negative
569292859909672960,positive
569282844155125761,negative
569684138304741377,negative
569891436100874241,neutral
569910536755748865,negative
569748289945362435,negative
570284660510433280,neutral
567745009890623488,negative
567738192426590209,positive
569326785353129984,negative
568773776638406656,negative
569601869598867456,positive
570229842626478081,negative
569119050682339329,positive
570284308210032640,negative
568998609590419456,negative
568861255731154944,neutral
569710365770182656,negative
570204972589002752,negative
568025019068108800,negative
569669991450185728,negative
569970829322260481,negative
568375354982842368,negative
569893554753040386,negative
569674294411669504,negative
570286565894828032,negative
567728017196457987,negative
569948353003446274,negative
567921295473512448,negative
569381443257958401,neutral
568590189582536704,negative
568995205271015425,neutral
569668883147137024,neutral
570106249024446464,neutral
567758065320361985,positive
569733547843457025,negative
569382354529030144,negative
568929816797323265,positive
569339072805797888,negative
569535507815903233,negative
567754562053091328,neutral
570237399932018688,negative
570308309682675712,negative
568602941940043776,positive
569539746348675073,negative
569654319391354880,negative
570143097809707008,negative
568128390487789568,positive
570247763704868864,negative
568818427579793409,negative
569344914485583872,negative
567839160779730944,negative
569840848764059648,negative
568948016662474752,neutral
569327664919498752,negative
568808397660774401,negative
568049316582932480,negative
569904589010575360,negative
569526164575924225,negative
570055700790931456,negative
570239376283676672,negative
569033300662218752,negative
569667401769459712,neutral
568834328937009152,neutral
570198506222194692,negative
569115483313582080,negative
569620017840398337,negative
570181700036087809,negative
569738487269756928,negative
569525636575793152,negative
570105020999344128,neutral
569501080607813633,positive
569738779931623425,negative
569786215693742080,negative
569915529496027136,negative
569512447717085185,negative
570274148364242947,positive
569565393502793728,negative
569579153604743171,negative
569704220472913920,neutral
569656230769262592,negative
569935135895883776,negative
570284660510433280,neutral
569197921150902272,negative
569917765676601344,negative
570293265221742594,neutral
569891260405665792,negative
568068468261519360,negative
568913623327703040,negative
568045766280933377,positive
568943214130040832,negative
570033554492690432,negative
567729658276237312,negative
569305311007399936,negative
569842758967386112,negative
569491425110466560,negative
569842095483199488,negative
569905884425383936,negative
570275726483542016,negative
570153610870456321,positive
570015373447159808,negative
568812129308053504,negative
569525270907981825,negative
568201465958772736,positive
570262096094498816,negative
570012094570958850,positive
568895164577685504,neutral
568210087212388353,neutral
570213762948567040,neutral
568540062306181120,negative
568121659988824064,negative
567768552644423680,negative
569359055937908736,negative
568802225058926592,negative
570012000648081409,negative
569492269000204288,negative
569896666465087488,negative
569902219602100225,negative
568491813528576000,negative
568523935853051906,neutral
570275314036649984,negative
569978197284130817,neutral
568633802433507329,negative
567832640289579008,positive
570037369841135616,neutral
569788202174713856,negative
568937604328108032,negative
568571900596772864,negative
569951211471962112,negative
568848259008962560,negative
568371161484161025,negative
569244701875769345,neutral
570245996334190592,negative
569647146712113152,negative
570276434763128833,negative
569895817403768833,negative
568525573175136256,negative
570296516314845185,negative
569218838190907393,negative
569881062169567232,negative
568720333634609153,negative
568951506042425346,negative
569958224968982528,negative
568856823048089600,neutral
569666866932813824,negative
568992757169065984,negative
569358646892748801,negative
568430681367453696,negative
569879600907440129,negative
569311498301870080,negative
569600985007558656,neutral
570218794414673921,negative
570271209822294016,neutral
567763818257063937,negative
570222414400860160,neutral
569609699152273409,negative
568212538778906624,negative
568603081274986496,negative
569638835539349504,neutral
568478881063276545,negative
570288167242375168,negative
570047946932101120,negative
569558600353390592,positive
567830303121870848,neutral
570283254743506944,negative
569359025655181312,negative
569343781092401152,negative
570215548589453313,neutral
567824276414558208,negative
568818512191471616,positive
569705524138090496,negative
569528523418775552,negative
570201440704028672,negative
569951222515539968,neutral
569895516139421696,negative
569575780864241664,negative
570011417249759233,negative
570290730796777473,negative
569902743135117314,negative
569172793608278016,neutral
569885201293307905,positive
568106916897034241,negative
569223788639821824,negative
570278024303775745,negative
567821288820203520,negative
569824565091823616,negative
569944355261304833,negative
568100000418250752,negative
568619609101721601,negative
568676876866224128,negative
569977129728749568,negative
570087222663229440,negative
569784699117137920,negative
568796113081376768,negative
569256471046823937,negative
570168203470446592,negative
570222481618948096,negative
569303932691984384,negative
570270918095695872,negative
569978748780421121,negative
570271896887017472,negative
570006737190854656,negative
568138172133183488,negative
569485882941509632,negative
569630837538361344,negative
567842726861021184,negative
568862241497305088,negative
569447456896917505,positive
568799486392143872,positive
570121135603486720,negative
567728800864010242,negative
569357168765501440,negative
567892300551991296,positive
569912092351819778,negative
569969506740674560,negative
569620643810926592,negative
569169704805371904,negative
567972174398689280,negative
569581903965265920,negative
570093964059156481,neutral
569510808847196160,negative
569687540644642817,negative
569076717689524224,negative
569995961570856960,negative
569330646901895169,negative
569318905476476928,negative
569256307045179392,negative
569871932251729920,negative
570040644451708930,positive
567730952260943873,negative
567727403964055552,negative
568017916161085441,negative
569661233923629056,negative
569835312106618880,neutral
568608136485056512,negative
568440527328120832,negative
568214100578324480,negative
570291091204919297,negative
569625606536732672,neutral
569811246096064512,negative
568087744078954497,negative
570175858469515264,negative
568269127992913920,negative
569616283706077184,negative
569989812637167617,neutral
567918545046081537,negative
569981899332059136,negative
568223025805422592,negative
569343186046332928,negative
569596357381644289,negative
569144474359738368,neutral
569641319712169984,negative
568086156899966976,negative
568055766130827264,negative
569870819582586880,positive
568049646062444544,negative
570187432815013888,positive
570027259999821824,neutral
569692835907129345,negative
568784615877574656,neutral
570083458925490176,negative
567752396097351681,negative
570276245960835073,negative
569777772115193856,negative
569977492720779264,negative
569928034171498496,neutral
570281958556610560,negative
569962873209937920,neutral
569932197735604224,positive
569983373378252800,negative
569619205298855936,negative
568889116399525888,positive
569969599711571968,negative
569618014141751298,negative
569484900828491776,negative
569382132231110656,neutral
569992712117747712,negative
569620910019182592,negative
569606281998299137,negative
569866875452203010,negative
569984437720453121,negative
568110568097374208,negative
568095956866093057,negative
569392315409829888,negative
569692618797355009,neutral
569700499319959553,negative
568454304488673280,negative
570276414567493633,negative
569662789377064960,neutral
569564666013163520,negative
569890211301191680,neutral
569647413285265408,negative
568662343170674688,negative
568433948126154752,neutral
570005034340974592,positive
570298371140939776,negative
567802781877407744,positive
569639972615135232,neutral
570178966725767168,negative
567813839539159040,negative
568920546043408385,neutral
569671596744380416,positive
570190931321757696,negative
570306867878072320,negative
567803477762797570,negative
568940002849255425,negative
568408653562294272,positive
567794802394406912,positive
569144026084962305,negative
569555455963471872,neutral
570268326250745856,neutral
568427566916345856,neutral
568827958527275008,negative
569909718765842432,negative
569935951868207104,neutral
568503966687993856,negative
569961785509478400,neutral
569634318349246464,negative
569586235259404288,positive
569658878939410432,negative
568011010029838336,neutral
569969267589947394,negative
569734069988286464,negative
569243017552375809,negative
569369331173363712,negative
569701192449654784,negative
568670498646700032,negative
567850465406394368,negative
569960440438099969,negative
570220154363232256,negative
569238450794209280,negative
568949545972961280,negative
569938767860994048,neutral
567904438834167809,negative
569285269981167616,negative
569959365236690945,negative
569928540004753409,negative
569831418412429312,negative
569386397683073024,negative
568897720410374145,negative
567676626855419904,negative
569297324285022209,negative
569873668131717120,negative
569202773704646658,negative
567816909816635392,positive
569134266052816897,negative
568589551477886977,negative
568670928407625729,positive
570258946860171264,negative
568694278890901504,neutral
569923730614460416,negative
569682877300023296,negative
569158546404864001,negative
568964010101514240,negative
568171002208886784,neutral
569984785860464640,negative
570240896387710976,negative
569507197052260354,negative
569657523944366080,negative
567862454576787456,negative
569910981868060673,negative
568997044406374400,negative
570091270334509056,negative
569698811708370944,negative
569226875349835776,negative
568081386520723456,negative
569989504431316993,neutral
569752206343348224,negative
569088814184079361,negative
569693808914522113,negative
569676250312249344,negative
568258906159501312,negative
567879304593408001,negative
569322078819766272,negative
570049018820042752,neutral
567829051559186432,neutral
569844812783996928,negative
569675481857064960,negative
570021128032407552,negative
569644310045417472,positive
568098977545134080,negative
569297850456109056,negative
569760118591467520,negative
570290552169734144,neutral
568868305697525761,positive
568218962833461248,negative
570280755252895745,negative
569984339800416256,negative
568803061361025024,negative
569238148032671744,negative
567747787807526912,negative
568988757954678784,negative
568276647885086720,negative
569436595746684929,negative
568606066155634688,positive
568611482780508161,negative
569615100006440960,negative
569630160233873411,negative
567850015600685056,negative
568607562251108352,negative
569584561312681984,positive
570067529206358016,negative
569493640990625793,negative
569884033775063040,neutral
570249806540451843,negative
569852334324518912,negative
569527440499978240,negative
569895927273517056,negative
568914125549649920,negative
567879331810246656,negative
568994696980238336,neutral
568453818335129601,neutral
568234631465734144,negative
570267902726803456,negative
568266347450273793,negative
570303797605617665,negative
568815310016548865,neutral
568858368829313024,negative
568440431454736384,negative
569680818228084736,negative
568308793005617152,negative
569967159549534208,negative
567800315093979138,negative
569596793941401601,negative
569184255399620608,negative
569456035930484737,positive
569844191938908160,neutral
567895211575111680,negative
569380376709238784,negative
568438982301917184,negative
569690317869330432,negative
568585196699664384,negative
568977167410802688,negative
570281731510571009,negative
568983580585517056,positive
567885982340636672,positive
569672477967835136,negative
569181243385909249,negative
568178240101191681,negative
569241834670698496,negative
569480594419281920,negative
569883152493240320,negative
569718651709820930,neutral
568836616166313984,neutral
568963398781808640,negative
568562631616942080,positive
567769468278988800,neutral
568548980122103808,negative
569612999415111680,negative
568986700984283136,positive
570123386925539329,negative
570288167242375168,negative
569745801121009664,negative
568250000028925952,negative
570080703171448832,neutral
568244094583107585,negative
569907773309214721,negative
569713494821482498,negative
570279118438182913,positive
569877658286186496,negative
568880408701435904,negative
567791389011910656,negative
568132185741500416,negative
570037969819545600,negative
570281470507352064,negative
569508282995486720,negative
568090851907207169,negative
568180422070247424,neutral
570259380999860224,positive
568813649336381440,negative
569791792029151232,negative
568825791644966912,negative
568498114300153856,negative
568187636449472513,negative
567985483135000576,negative
569611341394264064,negative
569885487508418560,negative
568938023439765504,negative
568104519633993728,neutral
570282089863626752,negative
569504176306331649,negative
568514794287796224,negative
570048188830216192,negative
569689096882425857,negative
568188243713372161,negative
570270818539839488,neutral
569619861879590912,negative
567799968279560194,negative
569954556001566721,negative
569659137581326336,negative
567915499868131328,positive
569690786180132865,negative
569165227847102465,negative
569880105507540992,neutral
568553155937452034,negative
569008708174262272,neutral
569136628301729792,negative
570271791400112129,neutral
567867498126770176,positive
569894640675102722,negative
568501293079248896,negative
570092530236149761,negative
568204138091307008,negative
568454161962049536,negative
570290334158225408,positive
568429062642929664,neutral
567816651900583936,negative
569654946179579904,negative
569972508499283968,positive
568596065882017792,negative
568830888089423872,negative
570167726972538880,negative
568584104641368064,negative
567743010322935808,neutral
569192902922006528,negative
569649820798881792,negative
568751950935691265,negative
569960248548593665,negative
568905816973172736,neutral
568861149053231104,negative
569514047554453504,positive
569179517522046977,negative
569720452987252736,negative
568183509577125888,negative
568112842261594112,positive
567822613608718336,negative
569724545738760192,negative
569250912784519168,negative
570076090917650432,positive
567737449938685952,negative
570204649363341312,negative
568199122903293952,neutral
570299252141903873,positive
568969040133165056,negative
569539287118692352,negative
569336493224955904,negative
569642267385798657,positive
569102757875077121,positive
569213197485514752,negative
570257631778107392,negative
569987992858836992,negative
570038564110467074,negative
569700696624246785,negative
568232723170484224,negative
568241989453393920,negative
568168505998229505,negative
568471761051721728,neutral
567820210264137729,negative
567882603405008896,negative
569517479296409600,positive
569245342421491712,negative
569605258621661184,negative
568140722240512001,negative
569444898660691968,negative
567729414822449152,negative
569910053249142785,negative
568427056221933568,negative
569595534916202496,negative
570034368086827008,negative
569723892358467584,negative
570007297927221249,negative
569579478168547328,negative
570235676916117504,negative
568715209944244224,negative
569602407417692162,negative
569725892324253696,negative
569861209781989377,negative
569238666654195714,neutral
568192271453188096,negative
569208480793567233,neutral
567841828411551744,negative
569638585571221504,negative
569338492515278848,negative
568921407813521409,negative
570290337169739776,negative
570258141599928321,negative
569683734951170048,negative
567862940348579840,negative
570298679250305024,negative
569237252154372097,neutral
569721721944735744,negative
569876427270701056,negative
569685767527596032,negative
569621879633391616,negative
569910441423417345,negative
569169887689641984,neutral
568855090930429952,negative
567730143536226304,negative
569325061892481024,negative
568100987887427584,negative
569017837576069120,neutral
569312129456545792,negative
569641343439360000,negative
568192252792541184,neutral
569992886256832512,negative
569273795850178560,negative
569940935875948544,neutral
570240336519258112,neutral
567627253991735296,negative
570236313393373186,negative
567886909516685312,negative
567864793404555264,negative
568785393358905345,negative
569195435736244225,positive
569485181633089536,negative
569682010270101504,negative
569697234574581760,negative
570086434410930176,negative
568095863731433473,positive
569161513056935936,negative
567786224812060672,negative
569903088632352769,negative
570304445336178688,negative
568804534845345792,negative
567753747283988481,negative
569416650325303297,negative
568135839814807552,negative
569415076400242688,negative
569374560505737216,negative
568108822360760320,neutral
570270216694968320,negative
569140424251715584,negative
569704164743376896,negative
569946472751476737,negative
568166403246850050,negative
568194265022648320,negative
569990330227007488,negative
567785191901376512,neutral
569994090147909632,positive
569598671420919808,negative
569151367702401025,negative
569920723038416897,negative
568006084360863745,negative
567889613714522113,positive
568485564112117760,negative
569972250385862656,negative
567850746319753217,neutral
570270776370311168,negative
569431307152953344,negative
568037880859222016,positive
567751134476259328,negative
569759131143262208,negative
569392511732588544,negative
568621210986090497,neutral
568177609281896449,negative
569910774556004352,negative
569249769421295616,negative
569872921700667392,negative
568450710553174016,neutral
569651818453708800,negative
570059116066017280,negative
569747390758047745,negative
569597220871282690,negative
569679850773958657,neutral
569725805066002432,negative
567735941846937600,negative
570209482090917888,neutral
570279220502511617,negative
568419991030087681,neutral
568796240319639552,neutral
570229420058918913,positive
567776761510907904,neutral
569170541250129920,neutral
568058146729668608,positive
570075821127249920,negative
568815689684815873,negative
568337096177528832,negative
569619325230960641,negative
569921747195076608,negative
569259858882662401,negative
568131853929947136,neutral
569680242194980864,negative
569953988537249792,negative
569661113593425920,negative
568039648964026368,negative
567886091975462912,negative
568498076962451456,negative
569296707982221312,positive
567908046619439104,negative
569369662955261953,negative
569506389397282816,negative
569880012230242304,neutral
568798045799784448,positive
570276414567493633,negative
569907544124219392,negative
569973504390639616,negative
568950548411461632,negative
569300264349364224,positive
568107670177239040,neutral
568155933832044544,negative
569936861398994945,negative
567881731967229953,negative
569304186548047872,positive
569183712606179329,negative
568015003883859969,positive
569627485240844288,negative
570283453750489088,negative
570298770136674304,negative
569605604416888832,negative
570099506135437312,negative
567803467282046976,positive
568165339290169344,negative
568910220644237312,negative
569899859161026560,negative
569917117576949760,negative
569837152332333056,negative
567734584000135168,negative
570275970046775297,negative
568533394402861056,neutral
569178197499256832,neutral
567797894431117312,negative
570045585149063168,negative
569946012988669954,negative
568124226135130112,positive
567853001534210049,negative
569611549960044544,negative
568122723915862016,negative
568604366690627584,neutral
570094749933289473,negative
567761144190746625,positive
569697646501363713,negative
569952408450805760,negative
567908831545544706,negative
569953006847954944,negative
570049923858567168,negative
568210743390117888,negative
568046298080923649,negative
568676137699651584,negative
568568197147799552,negative
568282692845842432,negative
569367829188886528,negative
568443115415035904,positive
570267562623152128,negative
569435866902302720,negative
569932207311048705,negative
570244720229797889,negative
570065037231927296,neutral
569636454869151744,negative
569908792776892416,neutral
569985813712392194,negative
568982505551851520,neutral
569884407852437504,negative
569385862489776128,negative
568463892453724160,negative
567761476338073600,negative
568140010458894338,positive
569215344948199424,negative
570115366023770112,negative
568836390991101952,negative
568539290344402944,negative
568178151173562368,negative
568352500748849153,negative
569661154638872576,negative
567802999880552448,negative
568164059981307904,positive
569232560330555393,neutral
568535948042104832,neutral
568460395544862720,neutral
570245840612265985,negative
568397325820956672,positive
569397984519016448,negative
